# q1,q2,q3
8.597672714850870257e-01,-1.427429837483275454e+00,2.259268912346007463e-02
8.597683753725999800e-01,-1.427376360692195201e+00,2.242680915874325012e-02
8.597694135659077475e-01,-1.427326461831720961e+00,2.227279708936632727e-02
8.597703900302419155e-01,-1.427279924304336367e+00,2.213010482758334327e-02
8.597713084802738326e-01,-1.427236541218697141e+00,2.199817594034946325e-02
8.597721723981787134e-01,-1.427196115517310737e+00,2.187645135258019929e-02
8.597729850499734594e-01,-1.427158459980340410e+00,2.176437421605801129e-02
8.597737495003640040e-01,-1.427123397130272808e+00,2.166139403018801576e-02
8.597744686262968061e-01,-1.427090759058227798e+00,2.156697009385934172e-02
8.597751451293750291e-01,-1.427060387189321489e+00,2.148057436113141871e-02
8.597757815472754084e-01,-1.427032132001615050e+00,2.140169376732596260e-02
8.597763802642776065e-01,-1.427005852710745648e+00,2.132983208635504113e-02
8.597769435210022015e-01,-1.426981416930254598e+00,2.126451137474124828e-02
8.597774734234377991e-01,-1.426958700315871242e+00,2.120527305277392083e-02
8.597779719513274355e-01,-1.426937586200517805e+00,2.115167866858182893e-02
8.597784409659730009e-01,-1.426917965225541707e+00,2.110331038657222227e-02
8.597788822175096435e-01,-1.426899734972617351e+00,2.105977123767380568e-02
8.597792973516962256e-01,-1.426882799599863638e+00,2.102068516511108529e-02
8.597796879162600270e-01,-1.426867069484973882e+00,2.098569689601421234e-02
8.597800553668319967e-01,-1.426852460877524376e+00,2.095447166601608485e-02
8.597804010725031976e-01,-1.426838895562101417e+00,2.092669482109187074e-02
8.597807263210307527e-01,-1.426826300533454051e+00,2.090207131823988360e-02
8.597810323237182750e-01,-1.426814607684513403e+00,2.088032514417209953e-02
8.597813202199935390e-01,-1.426803753507827732e+00,2.086119866896343419e-02
8.597815910817042662e-01,-1.426793678810712951e+00,2.084445194958668701e-02
8.597818459171511218e-01,-1.426784328444225869e+00,2.082986199642208880e-02
8.597820856748746854e-01,-1.426775651045905757e+00,2.081722201416312881e-02
8.597823112472130491e-01,-1.426767598796102599e+00,2.080634062703203696e-02
8.597825234736444777e-01,-1.426760127187610916e+00,2.079704109685668115e-02
8.597827231439285622e-01,-1.426753194808253467e+00,2.078916054133510272e-02
8.597829110010586362e-01,-1.426746763135996909e+00,2.078254915871340439e-02
8.597830877440377773e-01,-1.426740796346143592e+00,2.077706946411757988e-02
8.597832540304878313e-01,-1.426735261130111398e+00,2.077259554190051885e-02
8.597834104791037824e-01,-1.426730126525296516e+00,2.076901231758313676e-02
8.597835576719606854e-01,-1.426725363755503517e+00,2.076621485227502298e-02
8.597836961566840408e-01,-1.426720946081426078e+00,2.076410766184725448e-02
8.597838264484906068e-01,-1.426716848660661840e+00,2.076260406259120006e-02
8.597839490321078637e-01,-1.426713048416755614e+00,2.076162554462514936e-02
8.597840643635796809e-01,-1.426709523916775080e+00,2.076110117389933299e-02
8.597841728719648469e-01,-1.426706255256934730e+00,2.076096702329351812e-02
8.597842749609343471e-01,-1.426703223955805067e+00,2.076116563299455417e-02
8.597843710102744952e-01,-1.426700412854655209e+00,2.076164550007880347e-02
8.597844613773004685e-01,-1.426697806024500803e+00,2.076236059700211148e-02
8.597845463981865777e-01,-1.426695388679444232e+00,2.076326991851323508e-02
8.597846263892171548e-01,-1.426693147095916325e+00,2.076433705635191002e-02
8.597847016479637228e-01,-1.426691068537446760e+00,2.076552980096629461e-02
8.597847724543923320e-01,-1.426689141184608545e+00,2.076681976938311858e-02
8.597848390719052825e-01,-1.426687354069803959e+00,2.076818205828468572e-02
8.597849017483213396e-01,-1.426685697016574217e+00,2.076959492128706286e-02
8.597849607167977748e-01,-1.426684160583136629e+00,2.077103946937111298e-02
8.597850161966976712e-01,-1.426682736009867059e+00,2.077249939338991422e-02
8.597850683944064931e-01,-1.426681415170464540e+00,2.077396070756110102e-02
8.597851175040994720e-01,-1.426680190526549818e+00,2.077541151284844831e-02
8.597851637084642507e-01,-1.426679055085464443e+00,2.077684177914223065e-02
8.597852071793804507e-01,-1.426678002361053466e+00,2.077824314516113838e-02
8.597852480785592721e-01,-1.426677026337226151e+00,2.077960873501824568e-02
8.597852865581449011e-01,-1.426676121434103939e+00,2.078093299041896755e-02
8.597853227612806126e-01,-1.426675282476577156e+00,2.078221151748855730e-02
8.597853568226412335e-01,-1.426674504665101706e+00,2.078344094726012822e-02
8.597853888689341861e-01,-1.426673783548582319e+00,2.078461880889020952e-02
8.597854190193708890e-01,-1.426673114999192915e+00,2.078574341470698292e-02
8.597854473861101798e-01,-1.426672495189001300e+00,2.078681375623591190e-02
8.597854740746755375e-01,-1.426671920568270080e+00,2.078782941038794310e-02
8.597854991843476569e-01,-1.426671387845314332e+00,2.078879045503639195e-02
8.597855228085338197e-01,-1.426670893967808551e+00,2.078969739324960930e-02
8.597855450351152840e-01,-1.426670436105437645e+00,2.079055108548717376e-02
8.597855659467741329e-01,-1.426670011633798474e+00,2.079135268910753051e-02
8.597855856213012515e-01,-1.426669618119461136e+00,2.079210360457430309e-02
8.597856041318852061e-01,-1.426669253306108498e+00,2.079280542778678964e-02
8.597856215473846930e-01,-1.426668915101677371e+00,2.079345990799743790e-02
8.597856379325850007e-01,-1.426668601566427608e+00,2.079406891081483563e-02
8.597856533484383723e-01,-1.426668310901875403e+00,2.079463438582543344e-02
8.597856678522913798e-01,-1.426668041440526835e+00,2.079515833840016314e-02
8.597856814980978646e-01,-1.426667791636354599e+00,2.079564280528380799e-02
8.597856943366197768e-01,-1.426667560055965289e+00,2.079608983359496066e-02
8.597857064156160245e-01,-1.426667345370405959e+00,2.079650146289301060e-02
8.597857177800199979e-01,-1.426667146347566417e+00,2.079687970999553534e-02
8.597857284721069915e-01,-1.426666961845131087e+00,2.079722655625504402e-02
8.597857385316511891e-01,-1.426666790804043350e+00,2.079754393702791179e-02
8.596755429801516968e-01,-1.426666576491201432e+00,2.079732113222549500e-02
8.594840155669873916e-01,-1.426666329704084690e+00,2.079664095212250402e-02
8.592292149654617850e-01,-1.426665019176546867e+00,2.079588176075375383e-02
8.589277272992077439e-01,-1.426663799680268907e+00,2.080929928520391936e-02
8.585923319124205699e-01,-1.426663959573296170e+00,2.085487634709108987e-02
8.582327154170049655e-01,-1.426666539757032393e+00,2.094945863877545333e-02
8.578561965000784939e-01,-1.426672264057059936e+00,2.110789505727599796e-02
8.574682791307218777e-01,-1.426681502882218622e+00,2.134250636801388740e-02
8.570730754744744218e-01,-1.426694263382512151e+00,2.166280627499040171e-02
8.566736298390573712e-01,-1.426710200161017905e+00,2.207541395855375232e-02
8.562721673831559244e-01,-1.426728641381136642e+00,2.258410915603335789e-02
8.558702855572289936e-01,-1.426748625848297758e+00,2.318999054957861239e-02
8.554691018746640729e-01,-1.426768947328302506e+00,2.389170607910169955e-02
8.550693683007073442e-01,-1.426788202989037968e+00,2.468573018939020786e-02
8.546715600420987657e-01,-1.426804843416690671e+00,2.556666823652667397e-02
8.542759446288886727e-01,-1.426817222161936183e+00,2.652757254354233540e-02
8.538826357539104350e-01,-1.426823643217347115e+00,2.756025808522198986e-02
8.534916352621088054e-01,-1.426822405216986001e+00,2.865560863796291768e-02
8.531028658753199156e-01,-1.426811841486073540e+00,2.980386656607373827e-02
8.527161966325211839e-01,-1.426790355356531315e+00,3.099490132314051960e-02
8.523314625710345371e-01,-1.426756450407114185e+00,3.221845330151833220e-02
8.519484798326960595e-01,-1.426708755488935498e+00,3.346435092648942372e-02
8.515670571218522111e-01,-1.426646044562576376e+00,3.472269991493031477e-02
8.511870042475330189e-01,-1.426567251505656664e+00,3.598404444304677263e-02
8.508081383340233561e-01,-1.426471480153537419e+00,3.723950062785239684e-02
8.504302881701998329e-01,-1.426358009914300284e+00,3.848086325024718118e-02
8.500532970794469900e-01,-1.426226297355597916e+00,3.970068705623815836e-02
8.496770246221336809e-01,-1.426075974198442786e+00,4.089234428520373277e-02
8.493013473867287999e-01,-1.425906842174256894e+00,4.205006030485358703e-02
8.489261590802004154e-01,-1.425718865209057995e+00,4.316892939365468002e-02
8.485513700908996482e-01,-1.425512159394785039e+00,4.424491281282386113e-02
8.481769066659134992e-01,-1.425286981194502367e+00,4.527482135974778693e-02
8.478027098186212696e-01,-1.425043714307417941e+00,4.625628459989100660e-02
8.474287340600077378e-01,-1.424782855592943598e+00,4.718770894102519708e-02
8.470549460285159427e-01,-1.424505000421875334e+00,4.806822664746248502e-02
8.467933395816189535e-01,-1.424213591558815217e+00,4.889741910608968317e-02
8.466147039068617763e-01,-1.423907434474145361e+00,4.966832515705668638e-02
8.464975678149473381e-01,-1.423586234212850465e+00,5.036982416408127688e-02
8.464256199279520665e-01,-1.423249742806161899e+00,5.098926185191396399e-02
8.463864886932090936e-01,-1.422897886378271082e+00,5.151411774125952414e-02
8.463708139966460431e-01,-1.422530849071968362e+00,5.193315836196805285e-02
8.463715385825941739e-01,-1.422149119921605420e+00,5.223719143521877994e-02
8.463833666981750437e-01,-1.421753510172844237e+00,5.241951150730227160e-02
8.464023500756635565e-01,-1.421345147617265159e+00,5.247610893109289076e-02
8.464255709689377793e-01,-1.420925453622199353e+00,5.240569964244155138e-02
8.464508992299693002e-01,-1.420496107712168943e+00,5.220962186078059036e-02
8.464768059187847138e-01,-1.420059003804542863e+00,5.189163689326380113e-02
8.465022201166420013e-01,-1.419616201520064180e+00,5.145766406477663563e-02
8.465264187828819287e-01,-1.419169875377545242e+00,5.091547400202970503e-02
8.465489419065754806e-01,-1.418722264138372990e+00,5.027435974943421371e-02
8.465695602676794884e-01,-1.418275665865079693e+00,4.954542134218977573e-02
8.465885026365080890e-01,-1.417834343947222298e+00,4.874766391075167904e-02
8.466061096415726794e-01,-1.417398994870081363e+00,4.789862231365459716e-02
8.466225038397534597e-01,-1.416972777556284813e+00,4.701278150852414989e-02
8.466378437038514226e-01,-1.416556389283117667e+00,4.610328990167122942e-02
8.466522087390180307e-01,-1.416152028125185591e+00,4.518097104620902998e-02
8.466656702720641858e-01,-1.415761332271020967e+00,4.425512758027264071e-02
8.466782926401233977e-01,-1.415385475618411881e+00,4.333369494316068049e-02
8.466901341660257874e-01,-1.415025248893573506e+00,4.242338297164638394e-02
8.467012479619996368e-01,-1.414681128378199926e+00,4.152980606166221944e-02
8.467116825949754233e-01,-1.414353334035551857e+00,4.065760256925853022e-02
8.467214826401069372e-01,-1.414041878574510802e+00,3.981054410973747931e-02
8.467306891438136640e-01,-1.413746608773365665e+00,3.899163539584284133e-02
8.467393400134073378e-01,-1.413467240198148733e+00,3.820320523544180891e-02
8.467474703469810571e-01,-1.413203386289426655e+00,3.744698928679355415e-02
8.467551127145369616e-01,-1.412954582652987678e+00,3.672420514572433820e-02
8.467622973991688617e-01,-1.412720307270739495e+00,3.603562031422586492e-02
8.467690526053921474e-01,-1.412499997245666439e+00,3.538161357451451161e-02
8.467754046403342949e-01,-1.412293062606584160e+00,3.476223026673989913e-02
8.467813780723962847e-01,-1.412098897622685367e+00,3.417723194257371588e-02
8.467869958711133904e-01,-1.411916890012772319e+00,3.362614084106801959e-02
8.467922795312372575e-01,-1.411746428378147122e+00,3.310827960763578631e-02
8.467972491834947490e-01,-1.411586908140098240e+00,3.262280665193345586e-02
8.468019236940252936e-01,-1.411437736221690997e+00,3.216874751594715753e-02
8.468060229266636263e-01,-1.411299831528941784e+00,3.174455454369181501e-02
8.468096415100911933e-01,-1.411172319663646313e+00,3.134914135438583022e-02
8.468128561836095747e-01,-1.411054397178966635e+00,3.098135428610124600e-02
8.468157293486138215e-01,-1.410945325423626606e+00,3.063999171723112702e-02
8.468183119042523854e-01,-1.410844424969311728e+00,3.032382087341426932e-02
8.468206455121990439e-01,-1.410751070560359866e+00,3.003159236264321338e-02
8.468227644060815074e-01,-1.410664686531788226e+00,2.976205266304726010e-02
8.468246968376891282e-01,-1.410584742647806200e+00,2.951395477054690950e-02
8.468264662334112902e-01,-1.410510750318335838e+00,2.928606719721782783e-02
8.468280921194707433e-01,-1.410442259155769484e+00,2.907718149577095262e-02
8.468295169723860649e-01,-1.410380626234457369e+00,2.888556599514691819e-02
8.468307739522081823e-01,-1.410325096235361952e+00,2.871016308922728910e-02
8.468318899434525981e-01,-1.410275003874030597e+00,2.854994411205375934e-02
8.468328868013688115e-01,-1.410229762546523880e+00,2.840391322613180364e-02
8.468337823469939130e-01,-1.410188854459351937e+00,2.827111046486106144e-02
8.468345911618531119e-01,-1.410151822045319525e+00,2.815061403163401921e-02
8.468353252228595363e-01,-1.410118260493939069e+00,2.804154194870993669e-02
8.468359944097443304e-01,-1.410087811248194045e+00,2.794305314020676181e-02
8.468366069107953198e-01,-1.410060156339414839e+00,2.785434802542938876e-02
8.468371695474583571e-01,-1.410035013449296049e+00,2.777466869123716015e-02
8.468376880341904611e-01,-1.410012131603006758e+00,2.770329870521584179e-02
8.468381671866335170e-01,-1.409991287410243821e+00,2.763956262502796982e-02
8.468386110885305351e-01,-1.409972281782229775e+00,2.758282525344003117e-02
8.468390232256952643e-01,-1.409954937062295022e+00,2.753249068313473949e-02
8.468394065936647452e-01,-1.409939094516022839e+00,2.748800117048214031e-02
8.468397637843222414e-01,-1.409924612134143551e+00,2.744883587293554805e-02
8.468400970557078411e-01,-1.409911362707597426e+00,2.741450948060943429e-02
8.468404083883828148e-01,-1.409899232139583347e+00,2.738457076885933775e-02
8.468406995310328034e-01,-1.409888117964074761e+00,2.735860109529286016e-02
8.468409720374522331e-01,-1.409877928044325879e+00,2.733621286157098679e-02
8.468412272966217014e-01,-1.409868579428382285e+00,2.731704795758679860e-02
8.468414665572436828e-01,-1.409859997341642135e+00,2.730077620311152295e-02
8.468416909478275745e-01,-1.409852114299132264e+00,2.728709379975461854e-02
8.468419014931958255e-01,-1.409844869322431915e+00,2.727572180407518768e-02
8.468420991281080390e-01,-1.409838207248145903e+00,2.726640463088704849e-02
8.468422847085591565e-01,-1.409832078116534326e+00,2.725890859420200887e-02
8.468424590211991454e-01,-1.409826436630378543e+00,2.725302049183808695e-02
8.468426227912290161e-01,-1.409821241675448755e+00,2.724854623846602319e-02
8.468427766890610497e-01,-1.409816455895049225e+00,2.724530955076401653e-02
8.468429213359706109e-01,-1.409812045312077711e+00,2.724315068738317538e-02
8.468430573089255065e-01,-1.409807978992878352e+00,2.724192524558236711e-02
8.468431851447388858e-01,-1.409804228747888910e+00,2.724150301565899865e-02
8.468433053436663638e-01,-1.409800768864717169e+00,2.724176689367083931e-02
8.468434183725422892e-01,-1.409797575869831343e+00,2.724261185240350880e-02
8.468435246675329875e-01,-1.409794628315522935e+00,2.724394397007902369e-02
8.468436246365699249e-01,-1.409791906589219712e+00,2.724567951591455595e-02
8.468437186615130896e-01,-1.409789392742583525e+00,2.724774409131941466e-02
8.468438071000866652e-01,-1.409787070338147430e+00,2.725007182525496577e-02
8.468438902876200824e-01,-1.409784924311515919e+00,2.725260462207012083e-02
8.468439685386230931e-01,-1.409782940847394084e+00,2.725529145995841604e-02
8.468440421482161806e-01,-1.409781107267921385e+00,2.725808773805577304e-02
8.468441113934367381e-01,-1.409779411931962656e+00,2.726095467010605788e-02
8.468441765344352223e-01,-1.409777844144174841e+00,2.726385872255992701e-02
8.468442378155751626e-01,-1.409776394072801420e+00,2.726677109493720955e-02
8.468442954664475719e-01,-1.409775052675273477e+00,2.726966724027037395e-02
8.468443497028087519e-01,-1.409773811630796958e+00,2.727252642345337486e-02
8.468444007274502638e-01,-1.409772663279206473e+00,2.727533131534327568e-02
8.468444487310062829e-01,-1.409771600565440819e+00,2.727806762049891920e-02
8.468444938927055521e-01,-1.409770616989072467e+00,2.728072373648920274e-02
8.468445363810718218e-01,-1.409769706558385849e+00,2.728329044276100318e-02
8.468445763545779936e-01,-1.409768863748551260e+00,2.728576061712192219e-02
8.468446139622569646e-01,-1.409768083463496913e+00,2.728812897796370485e-02
8.468446493442735035e-01,-1.409767361001117214e+00,2.729039185042748950e-02
8.468446826324589338e-01,-1.409766692021500845e+00,2.729254695479026160e-02
8.468447139508128441e-01,-1.409766072517891544e+00,2.729459321543227165e-02
8.468447434159728227e-01,-1.409765498790123806e+00,2.729653058882649738e-02
8.468447711376554388e-01,-1.409764967420306991e+00,2.729835990907295354e-02
8.468447972190698003e-01,-1.409764475250549154e+00,2.730008274958183392e-02
8.468448217573061321e-01,-1.409764019362536258e+00,2.730170129958970140e-02
8.468448448437000398e-01,-1.409763597058799167e+00,2.730321825427164950e-02
8.468448665641753470e-01,-1.409763205845520284e+00,2.730463671728910677e-02
8.468448869995660599e-01,-1.409762843416740630e+00,2.730596011468760728e-02
8.468449062259185700e-01,-1.409762507639848117e+00,2.730719211913080688e-02
8.468449243147763150e-01,-1.409762196542234447e+00,2.730833658352645535e-02
8.468449413334465659e-01,-1.409761908299019817e+00,2.730939748316651983e-02
8.468449573452522250e-01,-1.409761641221756623e+00,2.731037886556721833e-02
8.468449724097677489e-01,-1.409761393748027114e+00,2.731128480725525040e-02
8.468449865830415257e-01,-1.409761164431861946e+00,2.731211937680401089e-02
8.468449999178047083e-01,-1.409760951934909912e+00,2.731288660347800171e-02
8.468450124636677234e-01,-1.409760755018297784e+00,2.731359045089504223e-02
8.468450242673052353e-01,-1.409760572535123879e+00,2.731423479516434383e-02
8.468450353726300062e-01,-1.409760403423532260e+00,2.731482340700391170e-02
8.468450458209564324e-01,-1.409760246700322295e+00,2.731535993738348767e-02
8.468450556511540883e-01,-1.409760101455049819e+00,2.731584790627903520e-02
8.468450648997927210e-01,-1.409759966844579937e+00,2.731629069416199526e-02
8.468450736012785862e-01,-1.409759842088057047e+00,2.731669153588118723e-02
8.468450817879819015e-01,-1.409759726462256779e+00,2.731705351662742920e-02
8.468450894903579718e-01,-1.409759619297292765e+00,2.731737956970068867e-02
8.468450967370599880e-01,-1.409759519972647368e+00,2.731767247582733010e-02
8.468451035550461636e-01,-1.409759427913503282e+00,2.731793486380033192e-02
8.468451099696795437e-01,-1.409759342587351583e+00,2.731816921223895536e-02
8.468451160048227067e-01,-1.409759263500855342e+00,2.731837785228584739e-02
8.468451216829265826e-01,-1.409759190196948619e+00,2.731856297107939507e-02
8.468451270251136087e-01,-1.409759122252152386e+00,2.731872661585724865e-02
8.468451320512568881e-01,-1.409759059274092508e+00,2.731887069856354239e-02
8.468451367800535756e-01,-1.409759000899202475e+00,2.731899700084735802e-02
8.468451412290947111e-01,-1.409758946790597101e+00,2.731910717935379790e-02
8.468451454149307223e-01,-1.409758896636105430e+00,2.731920277122141735e-02
8.468451493531329310e-01,-1.409758850146449749e+00,2.731928519971110053e-02
8.468451530583512854e-01,-1.409758807053559382e+00,2.731935577990161554e-02
8.468451565443692042e-01,-1.409758767109010158e+00,2.731941572439631691e-02
8.468451598241545364e-01,-1.409758730082579348e+00,2.731946614899361664e-02
8.468451629099079669e-01,-1.409758695760907621e+00,2.731950807828134944e-02
8.468451658131084248e-01,-1.409758663946259816e+00,2.731954245112164920e-02
8.468451685445558264e-01,-1.409758634455377635e+00,2.731957012599890711e-02
8.468451711144110439e-01,-1.409758607118416940e+00,2.731959188620856210e-02
8.468451735322337637e-01,-1.409758581777962760e+00,2.731960844486907430e-02
8.468451758070183466e-01,-1.409758558288118468e+00,2.731962044974353687e-02
8.468451779472269125e-01,-1.409758536513660676e+00,2.731962848786085446e-02
8.468451799608208708e-01,-1.409758516329256528e+00,2.731963308992966383e-02
8.468451818552907850e-01,-1.409758497618739392e+00,2.731963473454069105e-02
8.468451836376841291e-01,-1.409758480274436954e+00,2.731963385215571347e-02
8.468451853146311548e-01,-1.409758464196549266e+00,2.731963082888321653e-02
8.468451868923702053e-01,-1.409758449292572324e+00,2.731962601004250119e-02
8.468451883767703636e-01,-1.409758435476763827e+00,2.731961970351952720e-02
8.468451897733535461e-01,-1.409758422669648015e+00,2.731961218291881904e-02
8.468451910873150412e-01,-1.409758410797557593e+00,2.731960369051684295e-02
8.468451923235427170e-01,-1.409758399792208294e+00,2.731959444002300327e-02
8.468451934866352282e-01,-1.409758389590305416e+00,2.731958461915503025e-02
8.468451945809193360e-01,-1.409758380133178779e+00,2.731957439203598625e-02
8.468451956104656730e-01,-1.409758371366444329e+00,2.731956390142048496e-02
8.468451965791041758e-01,-1.409758363239691059e+00,2.731955327075791945e-02
8.468451974904380730e-01,-1.409758355706190347e+00,2.731954260610065105e-02
8.468451983478575418e-01,-1.409758348722626398e+00,2.731953199786514228e-02
8.468451991545522528e-01,-1.409758342248847773e+00,2.731952152245401347e-02
8.468451999135229169e-01,-1.409758336247635135e+00,2.731951124374689538e-02
8.468452006275929422e-01,-1.409758330684487415e+00,2.731950121446784577e-02
8.468452012994186484e-01,-1.409758325527422862e+00,2.731949147743688647e-02
8.468452019314992585e-01,-1.409758320746795857e+00,2.731948206671305432e-02
8.468452025261860028e-01,-1.409758316315124826e+00,2.731947300863606792e-02
8.468452030856912227e-01,-1.409758312206935482e+00,2.731946432277351788e-02
8.468452036120961424e-01,-1.409758308398613380e+00,2.731945602278014126e-02
8.468452041073589731e-01,-1.409758304868268253e+00,2.731944811717550506e-02
8.468452045733221301e-01,-1.409758301595608110e+00,2.731944061004613553e-02
8.468452050117188934e-01,-1.409758298561822665e+00,2.731943350167777632e-02
8.468452054241801807e-01,-1.409758295749474755e+00,2.731942678912322592e-02
8.468452058122403203e-01,-1.409758293142400420e+00,2.731942046671084756e-02
8.468452061773428241e-01,-1.409758290725615648e+00,2.731941452649861921e-02
8.468452065208459389e-01,-1.409758288485230437e+00,2.731940895867820962e-02
8.468452068440274205e-01,-1.409758286408368644e+00,2.731940375193341042e-02
8.468452071480895293e-01,-1.409758284483094259e+00,2.731939889375684105e-02
8.468452074341633606e-01,-1.409758282698342358e+00,2.731939437072867724e-02
8.468452077033130632e-01,-1.409758281043856254e+00,2.731939016876088269e-02
8.468452079565399471e-01,-1.409758279510127332e+00,2.731938627331014641e-02
8.468452081947859256e-01,-1.409758278088341754e+00,2.731938266956251624e-02
8.468452084189372897e-01,-1.409758276770328500e+00,2.731937934259250425e-02
8.468452086298279280e-01,-1.409758275548513407e+00,2.731937627749922784e-02
8.468452088282422130e-01,-1.409758274415874757e+00,2.731937345952192495e-02
8.468452090149183320e-01,-1.409758273365903758e+00,2.731937087413701531e-02
8.468452091905507295e-01,-1.409758272392566569e+00,2.731936850713872003e-02
8.468452093557927718e-01,-1.409758271490269887e+00,2.731936634470503653e-02
8.468452095112590783e-01,-1.409758270653828527e+00,2.731936437345073784e-02
8.468452096575280752e-01,-1.409758269878435888e+00,2.731936258046895397e-02
8.468452097951437718e-01,-1.409758269159636201e+00,2.731936095336266399e-02
8.468452099246180920e-01,-1.409758268493298772e+00,2.731935948026738975e-02
8.468452100464327614e-01,-1.409758267875594440e+00,2.731935814986624286e-02
8.468452101610408622e-01,-1.409758267302973822e+00,2.731935695139831380e-02
8.468452102688688310e-01,-1.409758266772146218e+00,2.731935587466136420e-02
8.468452103703176803e-01,-1.409758266280061401e+00,2.731935491000964111e-02
8.468452104657647750e-01,-1.409758265823891632e+00,2.731935404834757303e-02
8.468452105555652754e-01,-1.409758265401015676e+00,2.731935328112000683e-02
8.468452106400531365e-01,-1.409758265009003253e+00,2.731935260029958942e-02
8.468452107195427736e-01,-1.409758264645602166e+00,2.731935199837181444e-02
8.468452107943297280e-01,-1.409758264308723863e+00,2.731935146831820579e-02
8.468452108646923326e-01,-1.409758263996432781e+00,2.731935100359806842e-02
8.468452109308922671e-01,-1.409758263706934134e+00,2.731935059812914263e-02
8.468452109931758898e-01,-1.409758263438564585e+00,2.731935024626749864e-02
8.468452110517747933e-01,-1.409758263189782035e+00,2.731934994278693851e-02
8.468452111069070254e-01,-1.409758262959156960e+00,2.731934968285814128e-02
8.468452111587776443e-01,-1.409758262745363977e+00,2.731934946202777340e-02
8.468452112075796068e-01,-1.409758262547174512e+00,2.731934927619771372e-02
8.468452112534944343e-01,-1.409758262363449921e+00,2.731934912160455600e-02
8.468452112966928791e-01,-1.409758262193134382e+00,2.731934899479951384e-02
8.468452113373357015e-01,-1.409758262035249343e+00,2.731934889262880792e-02
8.468452113755741140e-01,-1.409758261888887532e+00,2.731934881221465342e-02
8.468452114115503360e-01,-1.409758261753207842e+00,2.731934875093687889e-02
8.468452114453982604e-01,-1.409758261627430675e+00,2.731934870641525293e-02
8.468452114772436756e-01,-1.409758261510833499e+00,2.731934867649252197e-02
8.468452115072051534e-01,-1.409758261402745960e+00,2.731934865921823580e-02
8.468452115353941601e-01,-1.409758261302547222e+00,2.731934865283332237e-02
8.468452115619155007e-01,-1.409758261209661523e+00,2.731934865575545365e-02
8.468452115868677632e-01,-1.409758261123555068e+00,2.731934866656519564e-02
8.468452116103438732e-01,-1.409758261043732919e+00,2.731934868399293198e-02
8.468452116324312051e-01,-1.409758260969736554e+00,2.731934870690653702e-02
8.468452116532118046e-01,-1.409758260901140758e+00,2.731934873429982258e-02
8.468452116727630541e-01,-1.409758260837551402e+00,2.731934876528169243e-02
8.468452116911576733e-01,-1.409758260778603223e+00,2.731934879906600458e-02
8.468452117084640518e-01,-1.409758260723957379e+00,2.731934883496211358e-02
8.468452117247465827e-01,-1.409758260673299679e+00,2.731934887236608586e-02
8.468452117400658841e-01,-1.409758260626339244e+00,2.731934891075250837e-02
8.468452117544787994e-01,-1.409758260582806288e+00,2.731934894966692173e-02
8.468452117680390634e-01,-1.409758260542450570e+00,2.731934898871881540e-02
8.468452117807970803e-01,-1.409758260505040051e+00,2.731934902757515021e-02
8.468452117928003675e-01,-1.409758260470360014e+00,2.731934906595440832e-02
8.467358258815315120e-01,-1.409758058024396465e+00,2.731871889589795530e-02
8.465457131587438289e-01,-1.409757695673865552e+00,2.731755809003160590e-02
8.462936393964063386e-01,-1.409757232830331164e+00,2.733148470953350104e-02
8.459960069094253354e-01,-1.409757789630290858e+00,2.737529225962735679e-02
8.456652662874671877e-01,-1.409760342154719570e+00,2.746399386594085626e-02
8.453108448755928261e-01,-1.409765623397307710e+00,2.761159578216288227e-02
8.449398577062090521e-01,-1.409774065580782665e+00,2.783027985966569917e-02
8.445576498927591658e-01,-1.409785772535540493e+00,2.812990307530574899e-02
8.441682110654925575e-01,-1.409800515880314187e+00,2.851773973986149527e-02
8.437744926136507839e-01,-1.409817749517242591e+00,2.899840689249039150e-02
8.433786510391159119e-01,-1.409836637684033001e+00,2.957392528339554058e-02
8.429822350667336428e-01,-1.409856092492870916e+00,3.024387790942920790e-02
8.425863298658864409e-01,-1.409874817522719370e+00,3.100563579089523139e-02
8.421916684888940408e-01,-1.409891354614603243e+00,3.185462694036996639e-02
8.417987181748416425e-01,-1.409904131546507733e+00,3.278462956723149357e-02
8.414077473121401862e-01,-1.409911508735479435e+00,3.378807471157350972e-02
8.410188774542689538e-01,-1.409911823530641595e+00,3.485634688676633730e-02
8.406321237299364535e-01,-1.409903431024360776e+00,3.598007407300467253e-02
8.402474261968010394e-01,-1.409884740622737054e+00,3.714940065855714540e-02
8.398646740925446164e-01,-1.409854247884384515e+00,3.835423876303646618e-02
8.394837244895141382e-01,-1.409810561361889869e+00,3.958449487245935955e-02
8.391044165222004692e-01,-1.409752424367243684e+00,4.083026992988460918e-02
8.387265821024254553e-01,-1.409678731734781199e+00,4.208203200744889405e-02
8.383500538441098771e-01,-1.409588541776495951e+00,4.333076147587224675e-02
8.379746707720640009e-01,-1.409481083718567618e+00,4.456806921861401760e-02
8.376002822755809207e-01,-1.409355760977949457e+00,4.578628893624894086e-02
8.372267506789957681e-01,-1.409212150687002785e+00,4.697854497366665133e-02
8.368539527313985094e-01,-1.409049999905351847e+00,4.813879739565910670e-02
8.364817802616735243e-01,-1.408869218973993087e+00,4.926186624938306419e-02
8.361101401996110516e-01,-1.408669872469651141e+00,5.034343709656031313e-02
8.357389541265469735e-01,-1.408452168209626931e+00,5.138004998364516240e-02
8.353681574880933436e-01,-1.408216444740892914e+00,5.236907405261746057e-02
8.351089407502457762e-01,-1.407966004462061216e+00,5.330858249746156519e-02
8.348226640748001026e-01,-1.407698416511527384e+00,5.418956752465467486e-02
8.346261633302254346e-01,-1.407415846473624166e+00,5.500744096670041189e-02
8.344956212502359083e-01,-1.407117103943733794e+00,5.575295335611087089e-02
8.344137068397721180e-01,-1.406802060456578296e+00,5.641444207315847448e-02
8.343672715660650496e-01,-1.406470726095377266e+00,5.697996008782771349e-02
8.343463601939962171e-01,-1.406123340861979543e+00,5.743855191378512137e-02
8.343434581585333909e-01,-1.405760429631325303e+00,5.778110177200860426e-02
8.343529168905056137e-01,-1.405382825967460558e+00,5.800085100058333110e-02
8.343705146043336462e-01,-1.404991671574391088e+00,5.809366120462486349e-02
8.343931202951682113e-01,-1.404588397261512522e+00,5.805808421986292239e-02
8.344184364392978059e-01,-1.404174690463704689e+00,5.789528789936604358e-02
8.344448017596178824e-01,-1.403752453584788951e+00,5.760887720703753573e-02
8.344710398670203144e-01,-1.403323756732988148e+00,5.720464249759232150e-02
8.344963429658366350e-01,-1.402890787788003912e+00,5.669026071904394865e-02
8.345197289449384215e-01,-1.402455185064572563e+00,5.606623907097406379e-02
8.345415176980188754e-01,-1.402020092419647534e+00,5.535455473087119022e-02
8.345618470665463473e-01,-1.401589758763976956e+00,5.457405057726109898e-02
8.345809849997105623e-01,-1.401164917378427743e+00,5.374210487671779446e-02
8.345989997011543648e-01,-1.400748718222831313e+00,5.287308942688560137e-02
8.346160080810798299e-01,-1.400341880888900548e+00,5.198004747813372156e-02
8.346320576193073659e-01,-1.399946601385641642e+00,5.107372734089012101e-02
8.346471954318027686e-01,-1.399564520941952939e+00,5.016337130452650644e-02
8.346614677962491680e-01,-1.399196820550357101e+00,4.925686760220178428e-02
8.346749198062853869e-01,-1.398844301204351659e+00,4.836089041342871847e-02
8.346875951263935667e-01,-1.398507451888278519e+00,4.748102857868474747e-02
8.346995358252145003e-01,-1.398186507089312025e+00,4.662190368954346326e-02
8.347107822696840929e-01,-1.397881495352020442e+00,4.578727820327758297e-02
8.347213730660565378e-01,-1.397592280181441771e+00,4.498015421334593256e-02
8.347313450367995769e-01,-1.397318594415939197e+00,4.420286348721782360e-02
8.347407332246716827e-01,-1.397060069032152407e+00,4.345714936113175692e-02
8.347495709171361966e-01,-1.396816257207576184e+00,4.274424105809011137e-02
8.347578896857353881e-01,-1.396586654348614287e+00,4.206492097106055705e-02
8.347657194362123612e-01,-1.396370714690733372e+00,4.141958542833752005e-02
8.347730884660919948e-01,-1.396167864990295993e+00,4.080829943261680276e-02
8.347800235271650715e-01,-1.395977515752818032e+00,4.023084583981382384e-02
8.347865498909003978e-01,-1.395799070378082263e+00,3.968676941823334053e-02
8.347926914152674627e-01,-1.395631932547287457e+00,3.917541620356463500e-02
8.347984706118160014e-01,-1.395475512129953577e+00,3.869596854048828333e-02
8.348039087121420510e-01,-1.395329229847561692e+00,3.824747617757004448e-02
8.348090257330973429e-01,-1.395192520895947252e+00,3.782888375868954933e-02
8.348135075833587049e-01,-1.395066492513612699e+00,3.743854050637974995e-02
8.348174592733964561e-01,-1.394950268870525534e+00,3.707533179167352144e-02
8.348209659229859358e-01,-1.394843051255266975e+00,3.673809310364797853e-02
8.348240967124442857e-01,-1.394744110638423962e+00,3.642562684780521753e-02
8.348269080373307283e-01,-1.394652781026481714e+00,3.613671688936456738e-02
8.348294460278895546e-01,-1.394568453514579698e+00,3.587014106338323738e-02
8.348317485618160783e-01,-1.394490570957828801e+00,3.562468185660017800e-02
8.348338468728611073e-01,-1.394418623190766260e+00,3.539913544978991189e-02
8.348357668370125495e-01,-1.394352142733125133e+00,3.519231929421100941e-02
8.348375300014240219e-01,-1.394290700927597326e+00,3.500307838142339284e-02
8.348391544080575599e-01,-1.394233904461815721e+00,3.483029035231067355e-02
8.348405693443180509e-01,-1.394183110902872391e+00,3.467233719382678547e-02
8.348418101985636275e-01,-1.394137627604989049e+00,3.452825730064527227e-02
8.348429056010471250e-01,-1.394096847348932577e+00,3.439712232211623866e-02
8.348438787698791996e-01,-1.394060237328898166e+00,3.427803960087003748e-02
8.348447485854466610e-01,-1.394027329597881781e+00,3.417015396008422218e-02
8.348455304482789163e-01,-1.393997712775389752e+00,3.407264892281601509e-02
8.348462369642057901e-01,-1.393971024847942441e+00,3.398474743883592164e-02
8.348468784917625340e-01,-1.393946946915805229e+00,3.390571218702256862e-02
8.348474635797109578e-01,-1.393925197759237511e+00,3.383484551456544809e-02
8.348479993168977931e-01,-1.393905529114690900e+00,3.377148906794078670e-02
8.348484916121671207e-01,-1.393887721566206883e+00,3.371502316484670941e-02
8.348489454184552239e-01,-1.393871580970057700e+00,3.366486595097837459e-02
8.348493649123318594e-01,-1.393856935341737824e+00,3.362047238066287469e-02
8.348497536379733130e-01,-1.393843632143964673e+00,3.358133305592980733e-02
8.348501146227307323e-01,-1.393831535922606557e+00,3.354697295453967082e-02
8.348504504700080542e-01,-1.393820526244593960e+00,3.351695007380214864e-02
8.348507634340079919e-01,-1.393810495898038182e+00,3.349085401366524994e-02
8.348510554799818406e-01,-1.393801349320113125e+00,3.346830451951997992e-02
8.348513283328845569e-01,-1.393793001222872086e+00,3.344895000242074923e-02
8.348515835167489296e-01,-1.393785375391150660e+00,3.343246605194744731e-02
8.348518223866282506e-01,-1.393778403630162144e+00,3.341855395470997442e-02
8.348520461545801963e-01,-1.393772024843369817e+00,3.340693922950085243e-02
8.348522559108713104e-01,-1.393766184223802274e+00,3.339737018831750309e-02
8.348524526413412250e-01,-1.393760832544210349e+00,3.338961653088552695e-02
8.348526372416795738e-01,-1.393755925533394668e+00,3.338346797890167500e-02
8.348528105292152279e-01,-1.393751423327708405e+00,3.337873295496459475e-02
8.348529732526983604e-01,-1.393747289988182203e+00,3.337523731005877237e-02
8.348531261004603632e-01,-1.393743493074979467e+00,3.337282310248876338e-02
8.348532697072583719e-01,-1.393740003271967565e+00,3.337134743031475864e-02
8.348534046600518677e-01,-1.393736794055138617e+00,3.337068131860474601e-02
8.348535315029083081e-01,-1.393733841399424023e+00,3.337070866218280751e-02
8.348536507411977725e-01,-1.393731123519158288e+00,3.337132522400710483e-02
8.348537628452025183e-01,-1.393728620638054139e+00,3.337243768884611689e-02
8.348538682532457011e-01,-1.393726314785090459e+00,3.337396277152891721e-02
8.348539673744211909e-01,-1.393724189613168685e+00,3.337582637871747832e-02
8.348540605909917645e-01,-1.393722230237799620e+00,3.337796282287842226e-02
8.348541482605098540e-01,-1.393720423093426364e+00,3.338031408691261026e-02
8.348542307177042598e-01,-1.393718755805293696e+00,3.338282913772677718e-02
8.348543082761696876e-01,-1.393717217075034709e+00,3.338546328689741965e-02
8.348543812298867550e-01,-1.393715796578377297e+00,3.338817759647769862e-02
8.348544498545978909e-01,-1.393714484873567638e+00,3.339093832792951883e-02
8.348545144090581127e-01,-1.393713273319284296e+00,3.339371643212054458e-02
8.348545751361766687e-01,-1.393712154000964931e+00,3.339648707830636387e-02
8.348546322640634232e-01,-1.393711119664599707e+00,3.339922922001826999e-02
8.348546860069917530e-01,-1.393710163657161605e+00,3.340192519579365110e-02
8.348547365662861708e-01,-1.393709279872939577e+00,3.340456036271678697e-02
8.348547841311435569e-01,-1.393708462705132600e+00,3.340712276078013077e-02
8.348548288793948835e-01,-1.393707707002135754e+00,3.340960280612814692e-02
8.348548709782126487e-01,-1.393707008028017169e+00,3.341199301130534649e-02
8.348549105847694607e-01,-1.393706361426742202e+00,3.341428773069593516e-02
8.348549478468518803e-01,-1.393705763189754920e+00,3.341648292941278020e-02
8.348549829034335179e-01,-1.393705209626567632e+00,3.341857597396720447e-02
8.348550158852106051e-01,-1.393704697338052023e+00,3.342056544312713845e-02
8.348550469151029274e-01,-1.393704223192159253e+00,3.342245095744848099e-02
8.348550761087228933e-01,-1.393703784301823401e+00,3.342423302604244362e-02
8.348551035748152938e-01,-1.393703378004836679e+00,3.342591290921938241e-02
8.348551294156687508e-01,-1.393703001845499001e+00,3.342749249572643522e-02
8.348551537275028522e-01,-1.393702653557873816e+00,3.342897419337203385e-02
8.348551766008304176e-01,-1.393702331050495014e+00,3.343036083190422530e-02
8.348551981207982253e-01,-1.393702032392387213e+00,3.343165557708176194e-02
8.348552183675065352e-01,-1.393701755800277109e+00,3.343286185494642737e-02
8.348552374163097367e-01,-1.393701499626886386e+00,3.343398328537223324e-02
8.348552553380984564e-01,-1.393701262350204972e+00,3.343502362403159844e-02
8.348552721995647907e-01,-1.393701042563657788e+00,3.343598671198021871e-02
8.348552880634517726e-01,-1.393700838967083522e+00,3.343687643212111399e-02
8.348553029887876287e-01,-1.393700650358453474e+00,3.343769667186431704e-02
8.348553170311061589e-01,-1.393700475626264979e+00,3.343845129135153416e-02
8.348553302426537925e-01,-1.393700313742551655e+00,3.343914409666527005e-02
8.348553426725846549e-01,-1.393700163756455446e+00,3.343977881748903119e-02
